sku,title,price,primary_media_url
B001,بارا بريت,3500,https://hadjra.ikhlasdz.com/products/B/B001/1.jpg
B002,قوس قزح بريت,2800,https://hadjra.ikhlasdz.com/products/B/B002/1.jpg
B003,مارون بريت,1800,https://hadjra.ikhlasdz.com/products/B/B003/1.jpg
B004,خضرا بريت,2800,https://hadjra.ikhlasdz.com/products/B/B004/1.jpg
B005,زرقا بريت,1800,https://hadjra.ikhlasdz.com/products/B/B005/1.jpg
B006,صفرا بريت,1800,https://hadjra.ikhlasdz.com/products/B/B006/1.jpg
B007,حمرا بريت,1800,https://hadjra.ikhlasdz.com/products/B/B007/1.jpg
B008,كحلا بريت,1000,https://hadjra.ikhlasdz.com/products/B/B008/1.jpg
B009,قري بريت,1800,https://hadjra.ikhlasdz.com/products/B/B009/1.jpg
F001,بريك روج,3800,https://hadjra.ikhlasdz.com/products/F/F001/1.jpg
F002,بريك قري,3800,https://hadjra.ikhlasdz.com/products/F/F002/1.jpg
F003,بريك اوكر,3800,https://hadjra.ikhlasdz.com/products/F/F003/1.jpg
F004,بريك ابيض,3800,https://hadjra.ikhlasdz.com/products/F/F004/1.jpg
F005,ترافنتينو مارون,3800,https://hadjra.ikhlasdz.com/products/F/F005/1.jpg
F006,ترافرتينو روج,3800,https://hadjra.ikhlasdz.com/products/F/F006/1.jpg
F007,ترافرتينو قري,3800,https://hadjra.ikhlasdz.com/products/F/F007/1.jpg
F008,ترافنتينو ابيض,3800,https://hadjra.ikhlasdz.com/products/F/F008/1.jpg
F009,ناريا بارا,3800,https://hadjra.ikhlasdz.com/products/F/F009/1.jpg
F010,ناريا باج,3800,https://hadjra.ikhlasdz.com/products/F/F010/1.jpg
F011,ناريا قري,3800,https://hadjra.ikhlasdz.com/products/F/F011/1.jpg
F012,كاستيا,3800,https://hadjra.ikhlasdz.com/products/F/F012/1.jpg
F013,كاستيا بلون,3800,https://hadjra.ikhlasdz.com/products/F/F013/1.jpg
F014,فاراديرو,3800,https://hadjra.ikhlasdz.com/products/F/F014/1.jpg
F015,ناريا بلون باناشي,3800,https://hadjra.ikhlasdz.com/products/F/F015/1.jpg
F016,ناريا بيضا,3800,https://hadjra.ikhlasdz.com/products/F/F016/1.jpg
F017,ناريا نوار فار,3800,https://hadjra.ikhlasdz.com/products/F/F017/1.jpg
F018,ناريا قري نوار,3800,https://hadjra.ikhlasdz.com/products/F/F018/1.jpg
F019,ناريا قري باناشي,3800,https://hadjra.ikhlasdz.com/products/F/F019/1.jpg
F020,فاراديرو بلون باناشي,3800,https://hadjra.ikhlasdz.com/products/F/F020/1.jpg
F021,فاراديرو مارون باناشي,3800,https://hadjra.ikhlasdz.com/products/F/F021/1.jpg
F022,فاراديرو قري باناشي,3800,https://hadjra.ikhlasdz.com/products/F/F022/1.jpg
F023,فاراديرو اوكر باناشي,3800,https://hadjra.ikhlasdz.com/products/F/F023/1.jpg
F024,فاراديرو نوار باناشي,3800,https://hadjra.ikhlasdz.com/products/F/F024/1.jpg
F025,فاراديرو ابيض,3800,https://hadjra.ikhlasdz.com/products/F/F025/1.jpg
F026,اطلس مارون,3800,https://hadjra.ikhlasdz.com/products/F/F026/1.jpg
F027,اطلس قري مارون,3800,https://hadjra.ikhlasdz.com/products/F/F027/1.jpg
F028,ميرنا,3800,https://hadjra.ikhlasdz.com/products/F/F028/1.jpg
F029,ترافرتا ارتيفيسيال,3800,https://hadjra.ikhlasdz.com/products/F/F029/1.jpg
F030,ترافرتا ارتيفيسيال بيضاء,3800,https://hadjra.ikhlasdz.com/products/F/F030/1.jpg
F031,ترافرتا ارتيفيسيال قري,3800,https://hadjra.ikhlasdz.com/products/F/F031/1.jpg
F032,مونيار,3800,https://hadjra.ikhlasdz.com/products/F/F032/1.jpg
FK003,كاستيا روندي,3800,https://hadjra.ikhlasdz.com/products/FK/FK003/1.jpg
FK005,باقيط كاستيا,1200,https://hadjra.ikhlasdz.com/products/FK/FK005/1.jpg
FK007,كوان كاستيا,1200,https://hadjra.ikhlasdz.com/products/FK/FK007/1.jpg
F038,روستيكا,4200,https://hadjra.ikhlasdz.com/products/F/F038/1.jpg
F039,سافونا,4200,https://hadjra.ikhlasdz.com/products/F/F039/1.jpg
F040,شال قري,4200,https://hadjra.ikhlasdz.com/products/F/F040/1.jpg
F041,شال بيلي,4200,https://hadjra.ikhlasdz.com/products/F/F041/1.jpg
F042,نيفادا,4200,https://hadjra.ikhlasdz.com/products/F/F042/1.jpg
F043,تورونتو,4200,https://hadjra.ikhlasdz.com/products/F/F043/1.jpg
F044,اريزونا,3800,https://hadjra.ikhlasdz.com/products/F/F044/1.jpg
F045,كازابلانكا,3800,https://hadjra.ikhlasdz.com/products/F/F045/1.jpg
F046,بازل,3800,https://hadjra.ikhlasdz.com/products/F/F046/1.jpg
F047,بريمن,3800,https://hadjra.ikhlasdz.com/products/F/F047/1.jpg
F048,انوفار,3800,https://hadjra.ikhlasdz.com/products/F/F048/1.jpg
F049,غلوسي,3800,https://hadjra.ikhlasdz.com/products/F/F049/1.jpg
PT002,بارا 10×25,4500,https://hadjra.ikhlasdz.com/products/PT/PT002/1.jpg
PT004,قوس قزح 10×25,4500,https://hadjra.ikhlasdz.com/products/PT/PT004/1.jpg
PT005,مارون 10×25,4500,https://hadjra.ikhlasdz.com/products/PT/PT005/1.jpg
PT006,خضرا 10×25,4500,https://hadjra.ikhlasdz.com/products/PT/PT006/1.jpg
PT007,صفرا 10×25,4500,https://hadjra.ikhlasdz.com/products/PT/PT007/1.jpg
PT009,كحلا 10×25,4500,https://hadjra.ikhlasdz.com/products/PT/PT009/1.jpg
PT012,بارا روندي متر لينيار,4500,https://hadjra.ikhlasdz.com/products/PT/PT012/1.jpg
PT013,بارا روندي 10,4500,https://hadjra.ikhlasdz.com/products/PT/PT013/1.jpg
PT014,بافي نوار 10/20,4500,https://hadjra.ikhlasdz.com/products/PT/PT014/1.jpg
PT015,بافي قري 10/20,4500,https://hadjra.ikhlasdz.com/products/PT/PT015/1.jpg
PT016,بارا 13×30,4500,https://hadjra.ikhlasdz.com/products/PT/PT016/1.jpg
PT020,مارون 13×25,4500,https://hadjra.ikhlasdz.com/products/PT/PT020/1.jpg
PT021,خضرا 13×25,4500,https://hadjra.ikhlasdz.com/products/PT/PT021/1.jpg
PL002,بارا ديامونتي 13×30,6500,https://hadjra.ikhlasdz.com/products/PL/PL002/1.jpg
PT029,بارا 15/30,4500,https://hadjra.ikhlasdz.com/products/PT/PT029/1.jpg
P001,اردواز 14/52,5900,https://hadjra.ikhlasdz.com/products/P/P001/1.jpg
P002,خضرا 15/52,5900,https://hadjra.ikhlasdz.com/products/P/P002/1.jpg
P003,بارا 14/52,5900,https://hadjra.ikhlasdz.com/products/P/P003/1.jpg
P004,كحلة 15/52,5900,https://hadjra.ikhlasdz.com/products/P/P004/1.jpg
P005,بارا 15/52,5900,https://hadjra.ikhlasdz.com/products/P/P005/1.jpg
P006,قوس قزح 14/52,5900,https://hadjra.ikhlasdz.com/products/P/P006/1.jpg
P007,خضرا 14/52,5900,https://hadjra.ikhlasdz.com/products/P/P007/1.jpg
P008,نيو كاشمير 14/52,7700,https://hadjra.ikhlasdz.com/products/P/P008/1.jpg
P009,ترافرتا 14/52,9500,https://hadjra.ikhlasdz.com/products/P/P009/1.jpg
P010,ترافرتا قري 14/52,9500,https://hadjra.ikhlasdz.com/products/P/P010/1.jpg
P011,مارون 14/52,5900,https://hadjra.ikhlasdz.com/products/P/P011/1.jpg
P012,زرقاء 18/56,7400,https://hadjra.ikhlasdz.com/products/P/P012/1.jpg
P013,زرقا 14/52,6800,https://hadjra.ikhlasdz.com/products/P/P013/1.jpg
P014,نوار 15/56,9500,https://hadjra.ikhlasdz.com/products/P/P014/1.jpg
P015,بلون 14/52,7500,https://hadjra.ikhlasdz.com/products/P/P015/1.jpg
P016,نوار روز بلون,7800,https://hadjra.ikhlasdz.com/products/P/P016/1.jpg
P017,بيضا 18/56,6500,https://hadjra.ikhlasdz.com/products/P/P017/1.jpg
P018,مصدية  18/56,7800,https://hadjra.ikhlasdz.com/products/P/P018/1.jpg
P019,ترافرتا 18/56,9500,https://hadjra.ikhlasdz.com/products/P/P019/1.jpg
P020,اوناكس 18/56,12000,https://hadjra.ikhlasdz.com/products/P/P020/1.jpg
P021,مصدية بيج 18/56,7800,https://hadjra.ikhlasdz.com/products/P/P021/1.jpg
P022,كحلة رخام 14/52,9500,https://hadjra.ikhlasdz.com/products/P/P022/1.jpg
P034,بلاك تام 15/55,8500,https://hadjra.ikhlasdz.com/products/P/P034/1.jpg
P035,بلون تام 15/55,8500,https://hadjra.ikhlasdz.com/products/P/P035/1.jpg
P036,بلون نوار 18/56,6900,https://hadjra.ikhlasdz.com/products/P/P036/1.jpg
P037,بارا روستيكا 18/56,7400,https://hadjra.ikhlasdz.com/products/P/P037/1.jpg
P038,بارا باج روستيكا 18/56,7400,https://hadjra.ikhlasdz.com/products/P/P038/1.jpg
P039,بارا باج 18/56,6500,https://hadjra.ikhlasdz.com/products/P/P039/1.jpg
P040,باج روستيكا 18/56,7800,https://hadjra.ikhlasdz.com/products/P/P040/1.jpg
P050,روز 18/56,6900,https://hadjra.ikhlasdz.com/products/P/P050/1.jpg
P051,باج 18/56,6900,https://hadjra.ikhlasdz.com/products/P/P051/1.jpg
P053,باج بلون 18/56,6900,https://hadjra.ikhlasdz.com/products/P/P053/1.jpg
P054,بلون قري ماونا 18/56,6900,https://hadjra.ikhlasdz.com/products/P/P054/1.jpg
P055,باج روز 18/56,7800,https://hadjra.ikhlasdz.com/products/P/P055/1.jpg
P057,ماونا روز 18/56,7800,https://hadjra.ikhlasdz.com/products/P/P057/1.jpg
P061,بلون ترافرتا 18/56,7800,https://hadjra.ikhlasdz.com/products/P/P061/1.jpg
P062,اوناكس ترافرتا 18/56,10500,https://hadjra.ikhlasdz.com/products/P/P062/1.jpg
P063,كريما ترافرتا 18/56,7800,https://hadjra.ikhlasdz.com/products/P/P063/1.jpg
P065,روز ترافرتا 18/56,8500,https://hadjra.ikhlasdz.com/products/P/P065/1.jpg
P066,قري تام 18/56,8500,https://hadjra.ikhlasdz.com/products/P/P066/1.jpg
P067,بلون بلاك تام 15/55,6900,https://hadjra.ikhlasdz.com/products/P/P067/1.jpg
P069,نوار 15/55,7800,https://hadjra.ikhlasdz.com/products/P/P069/1.jpg
PK003,كوان باج قري ترافرتا 18/56,7800,https://hadjra.ikhlasdz.com/products/PK/PK003/1.jpg
PK006,كوان بلاك تام 18/56,8500,https://hadjra.ikhlasdz.com/products/PK/PK006/1.jpg
P073,باج 15/55,6900,https://hadjra.ikhlasdz.com/products/P/P073/1.jpg
P082,باج مارون 15/55,7800,https://hadjra.ikhlasdz.com/products/P/P082/1.jpg
P089,مارون 15/52,5900,https://hadjra.ikhlasdz.com/products/P/P089/1.jpg
P092,بلون 15/54,6900,https://hadjra.ikhlasdz.com/products/P/P092/1.jpg
PT033,بارا 7ستوندار,4500,https://hadjra.ikhlasdz.com/products/PT/PT033/1.jpg
PT035,بارا 7×25,4500,https://hadjra.ikhlasdz.com/products/PT/PT035/1.jpg
PT036,قوس 7×25,4500,https://hadjra.ikhlasdz.com/products/PT/PT036/1.jpg
PT038,خضرا 7×25,4500,https://hadjra.ikhlasdz.com/products/PT/PT038/1.jpg
PT039,صفرا 7×25,4500,https://hadjra.ikhlasdz.com/products/PT/PT039/1.jpg
PT044,ترافرتا 7ستوندار,8000,https://hadjra.ikhlasdz.com/products/PT/PT044/1.jpg
PT046,باج 7×30,5000,https://hadjra.ikhlasdz.com/products/PT/PT046/1.jpg
PT047,بلون 7×30,6000,https://hadjra.ikhlasdz.com/products/PT/PT047/1.jpg
PT048,باج 7×20,4500,https://hadjra.ikhlasdz.com/products/PT/PT048/1.jpg
PT058,كريستال 7ستوندار,6500,https://hadjra.ikhlasdz.com/products/PT/PT058/1.jpg
PT059,كريما 7 ستوندار,6500,https://hadjra.ikhlasdz.com/products/PT/PT059/1.jpg
PT061,ترافرتا ترك 7ستوندار,7000,https://hadjra.ikhlasdz.com/products/PT/PT061/1.jpg
PT063,روز برتكال 7ستوندار,7000,https://hadjra.ikhlasdz.com/products/PT/PT063/1.jpg
PTK001,كوان بارا 10/20,4500,https://hadjra.ikhlasdz.com/products/PTK/PTK001/1.jpg
P093,ترافرتا 18/56,9500,https://hadjra.ikhlasdz.com/products/P/P093/1.jpg
P094,روز 18/56,7500,https://hadjra.ikhlasdz.com/products/P/P094/1.jpg
P095,باج 18/56,6900,https://hadjra.ikhlasdz.com/products/P/P095/1.jpg
P096,بيضاء 18/56,6900,https://hadjra.ikhlasdz.com/products/P/P096/1.jpg
P097,بيضاء باج 18/56,6900,https://hadjra.ikhlasdz.com/products/P/P097/1.jpg
P098,باج روز 18/56,7500,https://hadjra.ikhlasdz.com/products/P/P098/1.jpg
P100,ماونا روز 18/56,7800,https://hadjra.ikhlasdz.com/products/P/P100/1.jpg
P101,ترافرتا.ب.ب,8800,https://hadjra.ikhlasdz.com/products/P/P101/1.jpg
P104,اوناكس بيضا,9000,https://hadjra.ikhlasdz.com/products/P/P104/1.jpg
P105,مصدية 18/56,7800,https://hadjra.ikhlasdz.com/products/P/P105/1.jpg
P106,جلالة 18/56,8500,https://hadjra.ikhlasdz.com/products/P/P106/1.jpg
P107,كحلة 18/56,7800,https://hadjra.ikhlasdz.com/products/P/P107/1.jpg
P108,اوناكس م 18/56,14000,https://hadjra.ikhlasdz.com/products/P/P108/1.jpg
P109,نوار روز 18/56,7800,https://hadjra.ikhlasdz.com/products/P/P109/1.jpg
P111,رومانس 18/56,7800,https://hadjra.ikhlasdz.com/products/P/P111/1.jpg
P112,نوار قري 18/56,7800,https://hadjra.ikhlasdz.com/products/P/P112/1.jpg
P113,جلالة مصدية 18/56,7800,https://hadjra.ikhlasdz.com/products/P/P113/1.jpg
P114,جلالة قري مارون بلون,7800,https://hadjra.ikhlasdz.com/products/P/P114/1.jpg
P115,جلالة قري مارون,7800,https://hadjra.ikhlasdz.com/products/P/P115/1.jpg
P116,ترافرتا 15/52,9500,https://hadjra.ikhlasdz.com/products/P/P116/1.jpg
P118,باج 15/52,6900,https://hadjra.ikhlasdz.com/products/P/P118/1.jpg
P121,ماونا قري 15/56,7500,https://hadjra.ikhlasdz.com/products/P/P121/1.jpg
P127,باج كريستال 15/52,7500,https://hadjra.ikhlasdz.com/products/P/P127/1.jpg
M001,سيلفر مارون بيج,8500,https://hadjra.ikhlasdz.com/products/M/M001/1.jpg
M002,بيج-بلون-مارون,8500,https://hadjra.ikhlasdz.com/products/M/M002/1.jpg
M003,مصدية-كريما-مارون,7800,https://hadjra.ikhlasdz.com/products/M/M003/1.jpg
M004,بيج روز مارون,8500,https://hadjra.ikhlasdz.com/products/M/M004/1.jpg
M005,بومعزة مصدية,7800,https://hadjra.ikhlasdz.com/products/M/M005/1.jpg
M006,رومانس قري جلالة,8500,https://hadjra.ikhlasdz.com/products/M/M006/1.jpg
M007,مصدية-بيج باتنة,7800,https://hadjra.ikhlasdz.com/products/M/M007/1.jpg
M008,بلون-بيج باتنة-روز,7500,https://hadjra.ikhlasdz.com/products/M/M008/1.jpg
M009,روز-جلالة-بيج-ابيض,8500,https://hadjra.ikhlasdz.com/products/M/M009/1.jpg
M010,بيج مصدية,8200,https://hadjra.ikhlasdz.com/products/M/M010/1.jpg
M011,رومانس بومعزة روز,7800,https://hadjra.ikhlasdz.com/products/M/M011/1.jpg
M012,بيج باتنة بيج مصدية,8200,https://hadjra.ikhlasdz.com/products/M/M012/1.jpg
M013,بيج باتنة مصدية,7800,https://hadjra.ikhlasdz.com/products/M/M013/1.jpg
M014,بيج باتنة,7500,https://hadjra.ikhlasdz.com/products/M/M014/1.jpg
M015,بلون-مارون -بلون ليس,7800,https://hadjra.ikhlasdz.com/products/M/M015/1.jpg
M016,بومعزة,7800,https://hadjra.ikhlasdz.com/products/M/M016/1.jpg
M017,سيلفر مارون,8500,https://hadjra.ikhlasdz.com/products/M/M017/1.jpg
M018,بيج باتنة مصدية بيضاء,7800,https://hadjra.ikhlasdz.com/products/M/M018/1.jpg
M019,رومانس-بلاك تام,7800,https://hadjra.ikhlasdz.com/products/M/M019/1.jpg
M020,موزاييك باج بلون تر,9000,https://hadjra.ikhlasdz.com/products/M/M020/1.jpg
M021,موزاييك باج روز تر,9000,https://hadjra.ikhlasdz.com/products/M/M021/1.jpg
M022,موزاييك باج ترافرتا,9000,https://hadjra.ikhlasdz.com/products/M/M022/1.jpg
M023,موزاييك سيلفر,9000,https://hadjra.ikhlasdz.com/products/M/M023/1.jpg
M024,موزاييك روز,6900,https://hadjra.ikhlasdz.com/products/M/M024/1.jpg
M026,موزاييك بلون,6900,https://hadjra.ikhlasdz.com/products/M/M026/1.jpg
M029,موزاييك باج روز,6900,https://hadjra.ikhlasdz.com/products/M/M029/1.jpg
M030,موزاييك بلون روز,6900,https://hadjra.ikhlasdz.com/products/M/M030/1.jpg
M035,موزاييك 3 دي بيج باتنة,7800,https://hadjra.ikhlasdz.com/products/M/M035/1.jpg
PS001,بيج-مارون-جلالة-بيج ليس,8500,https://hadjra.ikhlasdz.com/products/PS/PS001/1.jpg
F050,باج باناشي,3800,https://hadjra.ikhlasdz.com/products/F/F050/1.jpg
F051,باج سامبل,3800,https://hadjra.ikhlasdz.com/products/F/F051/1.jpg
F052,مارون باناشي,3800,https://hadjra.ikhlasdz.com/products/F/F052/1.jpg
F053,مارون سامبل,3800,https://hadjra.ikhlasdz.com/products/F/F053/1.jpg
F054,قري نوار,3800,https://hadjra.ikhlasdz.com/products/F/F054/1.jpg
F055,قري باناشي,3800,https://hadjra.ikhlasdz.com/products/F/F055/1.jpg
F056,قري سامبل,3800,https://hadjra.ikhlasdz.com/products/F/F056/1.jpg
F057,نوار باناشي,3800,https://hadjra.ikhlasdz.com/products/F/F057/1.jpg
F058,نوار سامبل,3800,https://hadjra.ikhlasdz.com/products/F/F058/1.jpg
F059,نوار فار,3800,https://hadjra.ikhlasdz.com/products/F/F059/1.jpg
F060,بلون,3800,https://hadjra.ikhlasdz.com/products/F/F060/1.jpg
F061,بلون نوار,3800,https://hadjra.ikhlasdz.com/products/F/F061/1.jpg
F062,اريس,3800,https://hadjra.ikhlasdz.com/products/F/F062/1.jpg
F063,قري نوار مارون,3800,https://hadjra.ikhlasdz.com/products/F/F063/1.jpg
F064,مارون باناشي نوار,3800,https://hadjra.ikhlasdz.com/products/F/F064/1.jpg
F065,بلون نوار مارون,3800,https://hadjra.ikhlasdz.com/products/F/F065/1.jpg
F066,مارون ب 11.5x50,3800,https://hadjra.ikhlasdz.com/products/F/F066/1.jpg
F067,قري ب 11.5x50,3800,https://hadjra.ikhlasdz.com/products/F/F067/1.jpg
F068,قري ن 11.5x50,3800,https://hadjra.ikhlasdz.com/products/F/F068/1.jpg
F069,باج باناشي 11.5x50,3800,https://hadjra.ikhlasdz.com/products/F/F069/1.jpg
F070,نوار 11.5x50,3800,https://hadjra.ikhlasdz.com/products/F/F070/1.jpg
PK013,كوان بارا 14/52 متر لينيار,5900,https://hadjra.ikhlasdz.com/products/PK/PK013/1.jpg
FK019,كوان بريك متر لينيار,3800,https://hadjra.ikhlasdz.com/products/FK/FK019/1.jpg
P133,باج 3دي,7500,https://hadjra.ikhlasdz.com/products/P/P133/1.jpg
P134,بلون 3دي,7500,https://hadjra.ikhlasdz.com/products/P/P134/1.jpg
F071,بيضا 10/50,3800,https://hadjra.ikhlasdz.com/products/F/F071/1.jpg
F036,اطلس بيضا,3800,https://hadjra.ikhlasdz.com/products/F/F036/1.jpg
F037,اطلس كحلة,3800,https://hadjra.ikhlasdz.com/products/F/F037/1.jpg
F072,اطلس بيج,3800,https://hadjra.ikhlasdz.com/products/F/F072/1.jpg
F073,بريك رقيق مارون,5800,https://hadjra.ikhlasdz.com/products/F/F073/1.jpg
P145,كشمير 2/4,11000,https://hadjra.ikhlasdz.com/products/P/P145/1.jpg
P146,سيلفر,11000,https://hadjra.ikhlasdz.com/products/P/P146/1.jpg
P147,كشمير 2/2,11000,https://hadjra.ikhlasdz.com/products/P/P147/1.jpg
P148,ترافرتا 3دي,11000,https://hadjra.ikhlasdz.com/products/P/P148/1.jpg
V001,فرني حجرة,3200,https://hadjra.ikhlasdz.com/products/V/V001/1.jpg
M044,موزاييك بلون نوار,6900,https://hadjra.ikhlasdz.com/products/M/M044/1.jpg
M045,موزاييك بلون ترافرتا,6900,https://hadjra.ikhlasdz.com/products/M/M045/1.jpg
PS003,بيج مارون سوبل,6900,https://hadjra.ikhlasdz.com/products/PS/PS003/1.jpg
PS004,بيج روز سوبل,6900,https://hadjra.ikhlasdz.com/products/PS/PS004/1.jpg
PS006,بلون مارون سوبل,6900,https://hadjra.ikhlasdz.com/products/PS/PS006/1.jpg